ApplNo,SubmissionNo,SponsorName,event_year,y,p_oof
207318,12,ACADIA PHARMS INC,2023,0,0.9999005092573608
205677,12,VANDA PHARMS INC,2024,1,0.9932681729389554
125514,162,MERCK SHARP DOHME,2024,0,0.9898408299709738
125514,157,MERCK SHARP DOHME,2024,0,0.9893026502288421
125514,154,MERCK SHARP DOHME,2024,0,0.989005783125679
210854,21,GENENTECH INC,2024,0,0.9816524065947059
125554,122,BRISTOL MYERS SQUIBB,2024,0,0.9775669400644968
761055,55,REGENERON PHARMACEUTICALS,2024,0,0.9765761758046835
761150,5,MACROGENICS INC,2023,0,0.9669501663662312
125514,183,MERCK SHARP DOHME,2025,0,0.9657335530185516
125514,173,MERCK SHARP DOHME,2025,0,0.9652985438467911
125514,174,MERCK SHARP DOHME,2025,0,0.9641945552322483
207318,90002,ACADIA PHARMS INC,2022,1,0.9489472874311952
210854,20,GENENTECH INC,2024,0,0.9372156325431109
021106,74,PHARMACIA,2023,0,0.935818062736321
218160,3,ELI LILLY AND CO,2024,0,0.9319369177205269
215383,10,MERCK SHARP DOHME,2025,0,0.9316168067482781
212909,1,DR REDDYS LABS SA,2021,0,0.931147212780637
761216,1,COHERUS BIOSCIENCES INC,2023,0,0.9275281802357276
761151,9,UCB INC,2024,0,0.9274890308814674
214018,2,SENTYNL THERAPS INC,2022,0,0.9270720993809316
210872,1,ZUREX PHARMA,2021,0,0.9265261510409235
212038,2,PURDUE PHARMA LP,2021,0,0.9257020604423618
207962,5,SCILEX PHARMS,2021,0,0.9224766929822034
207947,8,ACTELION,2021,0,0.9165145620453605
215358,12,NOVARTIS,2025,0,0.9143199055164728
216338,1,TEVA PHARMS INC,2023,0,0.9122946483786515
212887,10,VIIV HLTHCARE,2024,0,0.9110643892197265
211675,28,ABBVIE,2025,0,0.9110037232793365
210655,10,INDIVIOR,2022,0,0.9107303288819371
215358,10,NOVARTIS,2025,0,0.909792232441045
210854,23,GENENTECH INC,2025,0,0.9094247999854803
208464,17,GILEAD SCIENCES INC,2024,0,0.9071734266844852
022474,11,LAB HRA PHARMA,2021,0,0.9065887362468584
022362,29,COSETTE,2021,0,0.9051392526461167
022348,21,CUMBERLAND PHARMS,2021,0,0.9046874741306364
021116,21,ALVOGEN,2021,0,0.898403954857808
208700,19,AAA USA INC,2022,0,0.8970491641646932
209401,11,JAZZ PHARMS THERAP,2022,0,0.8944647835019361
208692,14,EXELIXIS INC,2022,0,0.8934755044172367
761036,50,JANSSEN BIOTECH,2024,0,0.8931759964820755
761105,39,ABBVIE INC,2025,0,0.891430602972327
218160,1,ELI LILLY AND CO,2024,0,0.8903799146499932
217514,6,NOVARTIS,2025,0,0.8851251040142071
761262,11,ABBVIE INC,2025,0,0.8841490133961086
217513,5,NOVARTIS,2025,0,0.8833449614320797
215014,2,APELLIS PHARMS,2023,0,0.8787062257722094
761381,5,BRISTOL-MYERS SQUIBB,2025,0,0.874930050998596
761279,3,ELI LILLY AND CO,2025,0,0.8748820547632078
761178,7,BIOGEN INC,2023,0,0.8747859935525394
213246,11,ELI LILLY AND CO,2024,0,0.8738152874578499
761297,1,CHECKPOINT THERAPEUTICS INC,2025,0,0.8712741434175431
204114,34,NOVARTIS,2025,0,0.8711195713931467
215358,7,NOVARTIS,2024,0,0.8699404211325553
202806,33,NOVARTIS,2025,0,0.8690964766463899
125514,145,MERCK SHARP DOHME,2023,0,0.8679186034228881
125164,87,HOFFMAN-LA ROCHE,2023,0,0.8667316595395822
125514,142,MERCK SHARP DOHME,2023,0,0.8663622010921418
125514,139,MERCK SHARP DOHME,2023,0,0.8655988496330761
761058,26,BOEHRINGER INGELHEIM,2024,0,0.8637550779655427
217684,2,PYROS PHARMS,2025,0,0.8628954825350648
125514,135,MERCK SHARP DOHME,2023,0,0.8615856520783788
021116,23,ALVOGEN,2022,0,0.8615600807551428
125514,134,MERCK SHARP DOHME,2023,0,0.8606583224618521
213721,9,RIGEL PHARMS,2023,0,0.859737697041067
761039,13,COHERUS BIOSCIENCES INC,2023,0,0.8568612986122173
761291,9,JANSSEN BIOTECH,2024,0,0.8564957079992345
215383,11,MERCK SHARP DOHME,2025,0,0.8529552233222973
208065,29,ASTRAZENECA,2024,0,0.8473568272329078
761139,26,DAIICHI SANKYO,2024,0,0.8468452390743861
208215,25,GILEAD SCIENCES INC,2025,0,0.8437154527953858
208288,4,SOLVENTUM,2023,0,0.8424659480821791
761145,28,JANSSEN BIOTECH,2025,0,0.8419845821631862
212436,11,PFIZER,2025,0,0.8377330554654451
761036,54,JANSSEN BIOTECH,2025,0,0.8347767677059607
211675,22,ABBVIE,2024,0,0.8330584643586763
217806,6,ELI LILLY AND CO,2024,0,0.82605582402509
022433,35,ASTRAZENECA,2024,0,0.8257669117802046
761036,51,JANSSEN BIOTECH,2025,0,0.8248357802777402
214375,1,POLAREAN,2025,0,0.8243548694929818
761039,15,COHERUS BIOSCIENCES INC,2023,0,0.8238252289270245
207103,23,PFIZER,2025,0,0.8222877877849509
761070,20,ASTRAZENECA AB,2024,0,0.8213031616515346
211675,21,ABBVIE,2024,0,0.8188268717918619
215039,2,NOVARTIS,2024,0,0.8188255112784084
125274,123,IPSEN BIOPHARM LTD,2023,0,0.8174956357671387
214070,1,ASTRAZENECA,2025,0,0.8148993367549099
212436,8,PFIZER,2025,0,0.8118598045126947
215974,8,GILEAD SCIENCES INC,2024,0,0.8107164160787483
761058,31,BOEHRINGER INGELHEIM,2025,0,0.8086142392415353
215973,6,GILEAD SCIENCES INC,2024,0,0.808045411869099
761113,12,SANOFI AVENTIS US,2024,0,0.7994421464383827
207103,20,PFIZER,2025,0,0.7985934195459835
216718,8,BIOGEN US,2024,0,0.7972023880471211
206947,31,EISAI INC,2024,0,0.7960737709825243
761304,3,ARGENX BV,2024,0,0.7933168413431794
125388,107,SEATTLE GENETICS,2023,0,0.7910591203364836
761202,6,SAMSUNG BIOEPIS CO LTD,2023,0,0.7881288828525412
215842,2,NOVO,2025,0,0.7854170299553042
761071,14,SANDOZ INC,2023,0,0.773896168855382
761097,15,REGENERON PHARMACEUTICALS,2023,0,0.7733233445453722
761194,5,GENZYME CORP,2023,0,0.7731587578997717
761049,19,EMD SERONO INC,2024,0,0.7673456747470523
761113,11,SANOFI AVENTIS US,2024,0,0.7665206244049132
214985,10,IDORSIA,2024,0,0.765646185318301
125160,275,UCB INC,2024,0,0.7648672718506432
214876,3,GLAXOSMITHKLINE,2025,0,0.7645441092347085
208246,25,PFIZER,2025,0,0.762497017999099
213082,10,PFIZER,2025,0,0.7623445481926308
761118,7,PFIZER INC,2023,0,0.7622721530023625
761119,10,"Lundbeck Seattle BioPharmaceuticals, Inc.",2025,0,0.7618159649005912
125477,48,ELI LILLY AND CO,2025,0,0.7612238675484282
021343,47,TOLMAR,2023,0,0.7609035555981228
761113,9,SANOFI AVENTIS US,2023,0,0.7587298796921741
761036,44,JANSSEN BIOTECH,2023,0,0.7582525541567733
214985,11,IDORSIA,2024,0,0.7568635290893447
215499,8,VIIV HLTHCARE,2024,0,0.7550643390417727
213716,4,AURINIA,2024,0,0.7506957831429156
210496,16,ARRAY BIOPHARMA INC,2024,0,0.7486106541803553
211994,19,VIIV HLTHCARE,2024,0,0.747105084133823
213072,4,ALTHERA PHARMS,2024,0,0.7465554940170447
125504,44,NOVARTIS PHARMS CORP,2023,0,0.7433706547341692
761043,34,GLAXOSMITHKLINE LLC,2025,0,0.7391060053037666
217225,1,ASTELLAS,2024,1,0.7355958361275958
216403,5,TRAVERE,2025,0,0.734141195394043
761058,16,BOEHRINGER INGELHEIM,2023,0,0.7292508999550713
207620,25,NOVARTIS PHARMS CORP,2024,0,0.7281142959980806
211994,18,VIIV HLTHCARE,2024,0,0.7241135845098874
018680,74,COOPERSURGICAL,2023,0,0.7220373773044046
210251,23,GILEAD SCIENCES INC,2025,0,0.7217698707018907
761024,15,AMGEN INC,2023,0,0.7193095149265226
215596,7,TAKEDA PHARMS USA,2025,0,0.7131848725618154
213756,4,ASTRAZENECA,2024,0,0.709849836803158
761043,22,GLAXOSMITHKLINE LLC,2023,0,0.7096887127476325
125526,7,GLAXOSMITHKLINE LLC,2025,0,0.7094350760243496
204677,24,LANTHEUS,2025,0,0.7069249461257688
017031,41,LABORATOIRE HRA,2023,0,0.7066417938435937
761069,51,ASTRAZENECA UK LTD,2025,0,0.7038837345526634
761024,12,AMGEN INC,2023,0,0.7008131991806056
209481,24,MYLAN LABS LTD,2024,0,0.695597887254738
202008,46,AVID RADIOPHARMS INC,2025,0,0.6921972971817539
761067,18,SUN PHARMA GLOBAL,2024,0,0.6919875493648544
217700,2,DAY ONE BIOPHARMS,2025,0,0.6916148973135373
203469,38,TAKEDA PHARMS USA,2025,0,0.6889944895936726
761304,10,ARGENX BV,2025,0,0.6830385237273231
210498,10,ARRAY BIOPHARMA INC,2024,0,0.6791054221134333
761195,4,ARGENX BV,2024,0,0.666149023340263
207999,90001,INTERCEPT PHARMS INC,2024,1,0.6603348227136422
209241,26,NEUROCRINE,2023,0,0.6593062431154396
209899,11,BRISTOL,2024,0,0.6556632933561883
210496,18,ARRAY BIOPHARMA INC,2025,0,0.6551823520675916
761119,11,"Lundbeck Seattle BioPharmaceuticals, Inc.",2025,0,0.653385464106949
210922,12,ALNYLAM PHARMS INC,2023,0,0.651621250046998
210166,4,TAKEDA PHARMS USA,2025,0,0.6515795571929037
208215,23,GILEAD SCIENCES INC,2025,0,0.6474529335476815
125476,48,TAKEDA PHARMS USA,2023,0,0.6446819670980529
761066,3,SAMSUNG BIOEPIS CO LTD,2024,0,0.6442869233655761
203214,38,PF PRISM CV,2025,0,0.6438585650561113
761244,4,BOEHRINGER INGELHEIM PHARMACEUTICALS INC,2025,0,0.6433282153572575
203094,18,GILEAD SCIENCES INC,2025,0,0.6430893702338096
215559,2,IPSEN,2025,0,0.6424435981401043
761128,6,NOVARTIS PHARMS CORP,2024,0,0.636591511228324
208351,15,GILEAD SCIENCES INC,2025,0,0.6356303947501787
103964,5276,Pharmaand GmbH,2023,0,0.6335855824611527
210498,11,ARRAY BIOPHARMA INC,2025,0,0.6254785704423828
020862,33,SANOFI,2025,0,0.625375059456816
210793,9,ACADIA PHARMS INC,2023,0,0.6226988479125967
203094,17,GILEAD SCIENCES INC,2025,0,0.6222274775970583
208351,14,GILEAD SCIENCES INC,2025,0,0.6096927099783443
207958,27,APRECIA PHARMS,2025,0,0.6039407345845631
205552,37,PHARMACYCLICS LLC,2022,0,0.6035520255633555
021137,5,GENUS LIFESCIENCES,2022,0,0.5943298180142728
202276,20,VIVUS LLC,2022,0,0.5858705671510225
761195,12,ARGENX BV,2025,0,0.585015957597891
761067,24,SUN PHARMA GLOBAL,2025,0,0.5817368151397554
210861,12,BAYER HLTHCARE,2025,0,0.5797504678305246
208692,18,EXELIXIS INC,2025,0,0.5794632843281899
761177,8,ASCENDIS PHARMA ENCOCRINOLOGY DIV A/S,2025,0,0.5793813623066445
215498,5,IPSEN,2025,0,0.5779106340766633
210942,2,SCILEX PHARMS,2024,0,0.5774155017847489
214846,5,SUMITOMO PHARMA AM,2023,0,0.5773901773685067
210365,20,JAZZ PHARMS RES,2023,0,0.5762620500270007
214755,6,AVADEL CNS,2024,0,0.5716488917149563
210922,90001,ALNYLAM PHARMS INC,2023,1,0.5567798657904041
205422,12,OTSUKA,2025,1,0.5566389191801104
211635,10,NEURELIS INC,2025,0,0.5557794937415207
021064,33,LANTHEUS MEDCL,2024,0,0.5520845636058928
212045,5,HIKMA,2025,0,0.5477221852754828
205422,14,OTSUKA,2025,0,0.5445631384931366
213217,9,BEONE MEDICINES USA,2023,0,0.5437337624425479
212479,2,SHORLA,2024,0,0.5428940776977227
211710,10,BAYER HEALTHCARE,2025,0,0.5386478183027503
211939,4,ALVOGEN,2023,0,0.5373749736423239
214621,6,SUMITOMO PHARMA AM,2024,0,0.535990935813647
022580,25,VIVUS LLC,2024,0,0.5350646061466916
203137,24,GE HEALTHCARE,2025,0,0.5341201298368353
212479,3,SHORLA,2024,0,0.5308784023983351
022405,22,GENZYME CORP,2024,0,0.530024014561151
210997,8,EXELA PHARMA,2025,0,0.5246592420852297
218033,2,DAY ONE BIOPHARMS,2025,0,0.5197594628078516
761066,1,SAMSUNG BIOEPIS CO LTD,2024,0,0.5181793624386032
761043,27,GLAXOSMITHKLINE LLC,2024,0,0.5124323989006121
214662,10,MIRUM,2024,0,0.5046301402660164
214998,1,BRISTOL,2023,0,0.4990641603156817
203050,3,AVYXA HOLDINGS,2025,0,0.4959049637542275
211675,17,ABBVIE,2023,0,0.4947258303529402
208558,28,ASTRAZENECA,2023,0,0.4615204036093711
203109,16,VIATRIS,2023,0,0.46060481351608806
213871,4,PFIZER,2023,0,0.4519267479910739
211994,14,VIIV HLTHCARE,2023,0,0.45067306636853904
211855,9,BIOGEN INC,2023,0,0.4427413425633643
209988,4,SCPHARMACEUTICALS,2025,0,0.4390707599242775
204063,29,BIOGEN INC,2023,0,0.4340080679520432
210563,17,PHARMACYCLICS LLC,2023,0,0.4280381901395419
215985,12,ARCUTIS,2025,0,0.40990759587070147
021379,49,TOLMAR,2023,0,0.4044499049940379
208843,5,THERAVIA,2025,0,0.39635537328481457
021839,31,IPSEN INC,2024,0,0.3952904162021826
212028,8,EISAI INC,2023,0,0.39524602403233494
212436,5,PFIZER,2023,0,0.3939159992960399
206947,28,EISAI INC,2023,0,0.3921948518837752
210951,14,JANSSEN BIOTECH,2023,0,0.39180254098470224
208558,21,ASTRAZENECA,2022,0,0.3911740207970861
214665,90001,AMGEN INC,2023,1,0.38270926578781433
208447,27,GLAXOSMITHKLINE,2023,0,0.38250881577102436
205552,40,PHARMACYCLICS LLC,2023,0,0.381321055303027
207103,17,PFIZER,2023,0,0.37772347489221086
020263,56,ABBVIE ENDOCRINE INC,2025,0,0.3748662441436953
022473,16,VIATRIS,2023,0,0.37381670929423816
208742,13,OCULAR THERAPEUTIX,2025,0,0.3679022778360216
209115,15,PHARMAAND,2025,0,0.3648292288629445
205437,12,AMGEN INC,2023,0,0.35317134027102426
205395,28,JANSSEN PRODS,2025,0,0.351553847098527
205109,9,VIFOR FRESENIUS,2024,0,0.3510806672220683
215309,7,INCYTE CORP,2025,0,0.35042178683780545
204168,10,ABBVIE,2023,0,0.3454451213787945
206316,21,DAIICHI SANKYO INC,2023,0,0.34511397715317577
125514,124,MERCK SHARP DOHME,2024,0,0.3339668847858403
206316,19,DAIICHI SANKYO INC,2023,0,0.3295652062591304
020287,80,PFIZER,2024,0,0.328175239462048
205625,9,GLAXOSMITHKLINE,2023,0,0.3215828831919463
021462,55,LILLY,2022,0,0.3192146317298206
125164,89,HOFFMAN-LA ROCHE,2024,0,0.31917003033517183
214919,2,FRESENIUS KABI USA,2025,0,0.31902214966410114
212819,8,MSD MERCK CO,2025,0,0.31170365488039015
205436,13,CUBIST PHARMS LLC,2025,0,0.30646604102439823
211962,17,HIKMA,2025,0,0.30578396121826085
021488,44,TOLMAR,2023,0,0.30336420873837655
205435,16,CUBIST PHARMS LLC,2025,0,0.29772595739164753
125514,147,MERCK SHARP DOHME,2024,0,0.2966695186557685
207131,9,BAXTER HLTHCARE CORP,2024,0,0.2890443048767653
022425,30,SANOFI AVENTIS US,2023,0,0.2882041589485275
022271,15,TAKEDA PHARMS USA,2023,0,0.2761885070051819
203414,16,TAKEDA PHARMS USA,2023,0,0.2753933126614593
021731,44,TOLMAR,2023,0,0.27074394547038244
212099,1,BAYER HEALTHCARE,2021,0,0.2425171550135035
211710,4,BAYER HEALTHCARE,2021,0,0.23060046537016726
050779,34,B BRAUN,2024,0,0.22056030940158913
761052,14,BIOMARIN PHARM,2024,0,0.21666294420153653
125514,127,MERCK SHARP DOHME,2022,0,0.21491695614675405
125514,123,MERCK SHARP DOHME,2022,0,0.21403889097270298
208799,21,TEVA PHARM,2021,0,0.2126196558356728
208082,9,TEVA BRANDED PHARM,2021,0,0.21240747075342878
021225,43,BAYER HLTHCARE,2022,0,0.2081128855473161
211994,13,VIIV HLTHCARE,2022,0,0.20277913209185772
022393,17,BRISTOL-MYERS,2021,0,0.18729182428950727
761055,64,REGENERON PHARMACEUTICALS,2024,0,0.18710524224540576
204508,22,BAXTER HLTHCARE CORP,2024,0,0.1850541451576055
021345,52,MYLAN IRELAND LTD,2024,0,0.1793911075618844
761090,10,DYAX CORP.,2023,0,0.17834687301200508
125554,125,BRISTOL MYERS SQUIBB,2024,0,0.17538179321835615
208743,9,RADIUS,2021,0,0.16486958462722226
207318,90001,ACADIA PHARMS INC,2021,1,0.16234752657159904
217026,1,ACADIA PHARMS INC,2024,0,0.14445508406787003
209115,13,PHARMAAND,2022,0,0.14240946511545557
021938,39,CPPI CV,2021,0,0.1383004280174514
203415,19,ASTELLAS,2022,0,0.1382639307611768
020988,70,WYETH PHARMS,2024,0,0.13758204518746386
209816,11,PARATEK PHARMS,2021,0,0.13656381748659593
208627,6,SIGA TECHNOLOGIES,2021,0,0.132099714137659
209241,20,NEUROCRINE,2021,0,0.12877922152617574
125514,180,MERCK SHARP DOHME,2025,0,0.12326166730702404
761127,2,"REVANCE THERAPEUTICS, INC.",2023,0,0.1200156813026316
202022,16,JANSSEN PRODS,2022,0,0.11563687828898486
211994,12,VIIV HLTHCARE,2022,0,0.11544547469171729
201194,9,VISTAPHARM LLC,2021,0,0.11386153894617719
125514,172,MERCK SHARP DOHME,2025,0,0.1131188856952677
210875,6,SUMITOMO PHARMA AM,2022,0,0.11197342114445807
200534,10,GENUS LIFESCIENCES,2021,0,0.11186819742020869
213217,4,BEONE MEDICINES USA,2021,0,0.10847626500994881
209500,5,INTRA-CELLULAR,2021,0,0.1068918205333034
125514,170,MERCK SHARP DOHME,2025,0,0.10594600945421544
209363,12,EVOFEM INC,2021,0,0.09744675532601196
207958,19,APRECIA PHARMS,2021,0,0.09232209090660765
209949,6,HIKMA,2021,0,0.08645146946173109
208843,3,THERAVIA,2021,0,0.08502502828567327
022408,10,CIPHER,2021,0,0.0840477483763814
125554,127,BRISTOL MYERS SQUIBB,2024,0,0.08350721853527773
214103,3,ALNYLAM PHARMS INC,2022,0,0.07899535434102035
125514,178,MERCK SHARP DOHME,2025,0,0.0782705047388214
215383,12,MERCK SHARP DOHME,2025,0,0.07825711713031064
202207,12,CARDINAL HEALTH 414,2021,0,0.0762717907850681
761363,7,MERCK SHARP DOHME,2025,0,0.07601694634751716
208419,2,ACTAVIS,2022,0,0.07597123676641594
204141,9,SUN PHARMA CANADA,2021,0,0.07584865239309276
761235,1,GENENTECH INC,2023,0,0.07491415257821532
125554,114,BRISTOL MYERS SQUIBB,2022,0,0.07363155490128194
209472,5,EAGLE PHARMS,2022,0,0.07232764087404184
022202,13,ASSERTIO SPECLTY,2021,0,0.07202169409965588
214121,1,ACCORD HLTHCARE,2022,0,0.06939039080975314
206709,3,BIOCODEX SA,2022,0,0.06765374507722702
761224,1,ASTRAZENECA AB,2023,0,0.06740579442212134
208419,3,ACTAVIS,2022,0,0.06618513859648166
208419,4,ACTAVIS,2022,0,0.06558673654528013
761116,5,STEMLINE THERAPEUTICS INC,2022,0,0.06519433415291485
214662,4,MIRUM,2023,0,0.06470897174275374
761055,66,REGENERON PHARMACEUTICALS,2024,0,0.0631408256159063
761065,13,THERATECHNOLOGIES,2022,0,0.06280981731884586
761067,14,SUN PHARMA GLOBAL,2022,0,0.06231048233592636
761055,57,REGENERON PHARMACEUTICALS,2024,0,0.061114049187754586
125554,129,BRISTOL MYERS SQUIBB,2025,0,0.06036103833375989
215935,3,CALLIDITAS,2023,0,0.05870597930447033
208743,13,RADIUS,2022,0,0.05605282503991634
022454,10,GE HLTHCARE INC,2022,0,0.05317951926211287
761123,3,ASTRAZENECA AB,2023,0,0.05237382256036464
212887,9,VIIV HLTHCARE,2024,0,0.05206834511140691
202714,34,ONYX PHARMS AMGEN,2022,0,0.050306541620747415
206229,12,MEDICINES360,2022,0,0.050276952311005506
208627,7,SIGA TECHNOLOGIES,2022,0,0.04966600061198764
209363,14,EVOFEM INC,2022,0,0.04831575408260497
209363,16,EVOFEM INC,2022,0,0.04787063284148226
761381,2,BRISTOL-MYERS SQUIBB,2025,0,0.047053781158572235
103795,5595,IMMUNEX,2023,0,0.044731500113285465
210251,19,GILEAD SCIENCES INC,2024,0,0.044599599493650326
212888,15,VIIV HLTHCARE,2024,0,0.043656183816017165
019732,45,ABBVIE ENDOCRINE INC,2022,0,0.04225010220467834
212887,3,VIIV HLTHCARE,2022,0,0.041927941300242265
210326,1,FRESENIUS KABI USA,2021,0,0.04169889503695283
218160,6,ELI LILLY AND CO,2025,0,0.04150316146856696
022023,21,MERCK AND CO INC,2022,0,0.039621507760703834
020825,63,VIATRIS,2022,0,0.03930074361588073
208411,6,EMERGENT,2023,0,0.0392959765240123
210566,3,MAYNE PHARMA,2021,0,0.03866691927737999
761055,70,REGENERON PHARMACEUTICALS,2025,0,0.03784108359702346
761381,1,BRISTOL-MYERS SQUIBB,2025,0,0.037825604651430346
050722,49,ROCHE PALO,2022,0,0.037106179061320486
205552,38,PHARMACYCLICS LLC,2022,0,0.03643274092218983
125377,133,BRISTOL MYERS SQUIBB,2025,0,0.03638508271850012
215985,2,ARCUTIS,2023,0,0.03635209365001026
761070,21,ASTRAZENECA AB,2024,0,0.036050205042003756
214032,1,TELIX,2023,0,0.035862670240101605
050722,51,ROCHE PALO,2022,0,0.03215221459784784
213535,13,GENENTECH INC,2024,0,0.029607620866903273
761049,15,EMD SERONO INC,2023,0,0.02952761905653623
761151,10,UCB INC,2024,0,0.029095188769561228
761097,16,REGENERON PHARMACEUTICALS,2023,0,0.02877697379408848
213246,15,ELI LILLY AND CO,2025,0,0.02873881177577463
211675,25,ABBVIE,2025,0,0.026690392371315205
761049,13,EMD SERONO INC,2022,0,0.02462842715517794
761105,29,ABBVIE INC,2024,0,0.024299041434615407
761097,23,REGENERON PHARMACEUTICALS,2024,0,0.023660757433971908
125472,56,GENENTECH,2024,0,0.0234196692565458
125557,26,AMGEN,2023,0,0.023274587552971047
761145,32,JANSSEN BIOTECH,2025,0,0.02319892492814014
125276,144,GENENTECH,2024,0,0.02311092035375466
761180,1,LEO PHARMA AS,2023,0,0.022634112715888867
208743,10,RADIUS,2021,0,0.02250247109166242
208447,25,GLAXOSMITHKLINE,2022,0,0.02240636720787058
125514,143,MERCK SHARP DOHME,2023,0,0.022355870299164377
125514,148,MERCK SHARP DOHME,2023,0,0.02222352425985867
125377,132,BRISTOL MYERS SQUIBB,2025,0,0.021982177779147117
125514,144,MERCK SHARP DOHME,2023,0,0.021933050888289535
761310,5,IMMUNOGEN INC,2024,0,0.021658773230025265
125514,138,MERCK SHARP DOHME,2023,0,0.02150949960121593
761151,7,UCB INC,2024,0,0.02089574234504082
761156,5,NOVO NORDISK INC,2023,0,0.020563971298357395
125557,23,AMGEN,2023,0,0.020466933934123997
125514,132,MERCK SHARP DOHME,2023,0,0.020295048057193593
125514,128,MERCK SHARP DOHME,2023,0,0.020260018084739196
210563,14,PHARMACYCLICS LLC,2022,0,0.01965724852775971
208772,13,TAKEDA PHARMS USA,2022,0,0.01924733030926754
212887,2,VIIV HLTHCARE,2022,0,0.019118587933799457
215833,21,NOVARTIS,2025,0,0.01900992459794924
214410,7,GENENTECH INC,2024,0,0.018982067627537957
020896,51,CHEPLAPHARM,2022,0,0.018650357909316868
209940,16,MERCK SHARP DOHME,2024,0,0.018526407252650208
202192,27,INCYTE CORP,2022,0,0.01845567314799613
761232,11,BEIGENE,2025,0,0.018315061697724698
209939,16,MERCK SHARP DOHME,2024,0,0.018224061130246366
205054,4,INVAGEN PHARMS,2023,0,0.01798166859250378
211580,6,NOVADAQ TECH,2023,0,0.017939770817093748
214012,16,NOVARTIS,2025,0,0.017912895098117658
125554,121,BRISTOL MYERS SQUIBB,2023,0,0.01782101685596889
209935,27,NOVARTIS,2024,0,0.017294777888582327
761059,6,SAMSUNG BIOEPIS CO LTD,2023,0,0.017244297342177976
125477,49,ELI LILLY AND CO,2025,0,0.017155726308694722
761263,5,GENENTECH INC,2024,0,0.01669336986807461
210251,18,GILEAD SCIENCES INC,2024,0,0.016560898396620276
208341,19,GILEAD SCIENCES INC,2022,0,0.016488411108553494
204370,14,ABBVIE,2025,0,0.01644704809969247
209092,19,NOVARTIS,2024,0,0.016318711186261544
206947,30,EISAI INC,2024,0,0.016227847125081154
216099,5,HANDA THERAP,2025,0,0.015832076883306404
208716,17,ELI LILLY AND CO,2024,0,0.01583112423945153
761279,2,ELI LILLY AND CO,2025,0,0.01576763256855007
761210,4,JANSSEN BIOTECH,2024,0,0.015602505484333392
213535,11,GENENTECH INC,2023,0,0.015588540589098265
761059,8,SAMSUNG BIOEPIS CO LTD,2023,0,0.01542782609263091
214697,1,ARS PHARMS OPERATION,2025,0,0.015373034971438765
761151,6,UCB INC,2024,0,0.015363987251509444
761055,51,REGENERON PHARMACEUTICALS,2023,1,0.01518396627017256
212273,12,VERTEX PHARMS INC,2024,0,0.015093267190235543
020896,50,CHEPLAPHARM,2022,0,0.015089835035078053
209940,12,MERCK SHARP DOHME,2024,0,0.015003307932485999
209939,13,MERCK SHARP DOHME,2024,0,0.014755371360271064
761345,3,PFIZER INC,2025,0,0.01468343623392163
210251,15,GILEAD SCIENCES INC,2022,0,0.014606719610714951
761145,29,JANSSEN BIOTECH,2025,0,0.014260018392997622
210563,13,PHARMACYCLICS LLC,2022,0,0.013603737624924917
213586,8,TEVA,2025,0,0.01343414971508353
204370,17,ABBVIE,2025,0,0.013312262743051256
213756,6,ASTRAZENECA,2025,0,0.0132105575497743
213082,11,PFIZER,2025,0,0.013082435070655882
214860,7,ACER,2025,0,0.012701897844277357
208464,16,GILEAD SCIENCES INC,2024,0,0.01267668643663604
215256,23,NOVO,2025,0,0.012631634198573669
761108,21,ALEXION PHARM,2022,0,0.012614914253403515
761309,1,GENENTECH INC,2025,1,0.012609099164252336
204370,16,ABBVIE,2025,0,0.012398389802996762
761059,5,SAMSUNG BIOEPIS CO LTD,2022,0,0.01230982667324516
761024,19,AMGEN INC,2024,0,0.012232931306676891
214787,26,GILEAD SCIENCES INC,2024,0,0.011977887824779286
761174,4,GLAXOSMITHKLINE,2023,0,0.011938841183290574
217660,3,VERTEX PHARMS INC,2024,0,0.011917638674391488
125276,149,GENENTECH,2025,0,0.01186940914336512
213246,9,ELI LILLY AND CO,2024,0,0.01172259021393399
207925,19,VERTEX PHARMS INC,2025,0,0.011708682844976628
020896,49,CHEPLAPHARM,2022,0,0.011671375418076932
761108,26,ALEXION PHARM,2023,0,0.011637843411655682
202806,23,NOVARTIS,2022,0,0.011593656028429879
215904,11,IMMEDICA PHARMA,2025,0,0.011592065311918448
761069,43,ASTRAZENECA UK LTD,2024,0,0.011511931555105766
125486,38,GENENTECH,2025,0,0.01147316141547323
761170,7,GENENTECH INC,2024,0,0.01144733571285133
204370,15,ABBVIE,2025,0,0.01140135066389134
215390,2,BIOXCEL,2025,0,0.011381458638308816
204630,21,PROVEPHARM SAS,2024,0,0.011163316926523125
206494,12,ABBVIE,2024,0,0.011154153092874717
216196,3,AGIOS PHARMS INC,2025,0,0.01109614410984997
761328,5,ASTRAZENECA AB,2024,0,0.011064888902150084
761232,12,BEIGENE,2025,0,0.011026588815397293
761285,1,AMGEN INC,2024,0,0.010930561207604307
215256,15,NOVO,2024,0,0.010704123653212489
204114,23,NOVARTIS,2022,0,0.010703775314841435
761262,7,ABBVIE INC,2024,0,0.010630250904356025
761069,45,ASTRAZENECA UK LTD,2024,0,0.010515372745265395
761106,10,GENENTECH INC,2024,0,0.010263877931137573
761174,3,GLAXOSMITHKLINE,2023,0,0.01025420520682236
761058,18,BOEHRINGER INGELHEIM,2023,0,0.010103725798750357
761118,9,PFIZER INC,2023,0,0.009999589614812891
211358,6,VERTEX PHARMS INC,2024,0,0.009991593403113777
125504,63,NOVARTIS PHARMS CORP,2023,0,0.009971615753334934
761232,9,BEIGENE,2025,0,0.009960164973075015
216185,1,AUCTA,2024,0,0.00992118199474533
761232,6,BEIGENE,2025,0,0.009738838657711218
206947,33,EISAI INC,2025,0,0.00962240016190288
208658,32,BOEHRINGER INGELHEIM,2025,0,0.009618673935851214
204384,19,JANSSEN THERAP,2024,0,0.009549369066723457
203188,41,VERTEX PHARMS,2025,0,0.009492740752384298
761208,7,SEAGEN,2024,0,0.009482802223773791
761232,2,BEIGENE,2025,0,0.009333099539385145
125320,213,AMGEN,2024,0,0.00927041411719375
761232,13,BEIGENE,2025,0,0.009258256158717027
761232,5,BEIGENE,2025,0,0.009247392834219928
205422,11,OTSUKA,2024,0,0.009227193239811013
761151,5,UCB INC,2024,0,0.009192868329769602
022195,10,HIKMA,2021,0,0.009147281574246642
202811,22,ABBVIE,2025,0,0.009065390821540651
761232,3,BEIGENE,2025,0,0.009023890657877866
206111,45,BOEHRINGER INGELHEIM,2025,0,0.008788728819104884
761192,10,"MEDIWOUND, LTD",2024,0,0.008652758377947621
761232,10,BEIGENE,2025,0,0.008624534704650338
210661,4,AVYXA HOLDINGS,2025,0,0.008614491096675152
020896,48,CHEPLAPHARM,2022,0,0.008454251946580641
761058,13,BOEHRINGER INGELHEIM,2023,0,0.00843159610927166
217188,8,PFIZER,2025,0,0.008325387416407695
205739,38,VIFOR PHARMA,2023,0,0.008230317854639905
213464,5,BAYER HEALTHCARE,2023,0,0.008216378145756433
209988,3,SCPHARMACEUTICALS,2025,0,0.008130046391066507
219008,2,JANSSEN BIOTECH,2025,0,0.008121690206543125
206038,18,VERTEX PHARMS INC,2024,0,0.008063172022600979
209988,1,SCPHARMACEUTICALS,2024,0,0.007908343691463397
761365,3,ASTELLAS,2025,0,0.0077268880531009485
761244,3,BOEHRINGER INGELHEIM PHARMACEUTICALS INC,2024,0,0.0077168873781133344
761334,5,INCYTE CORP,2025,0,0.007668720592924082
213051,24,NOVO,2025,0,0.00766189060625631
761291,3,JANSSEN BIOTECH,2024,0,0.007653798430616646
216059,5,LOXO ONCOL,2025,0,0.0075764234574941915
215866,39,ELI LILLY AND CO,2025,0,0.007567889170779597
202155,39,BRISTOL MYERS SQUIBB,2025,0,0.007562606450583176
214787,19,GILEAD SCIENCES INC,2023,0,0.007487585822151753
215985,7,ARCUTIS,2024,0,0.007351538319425528
213871,1,PFIZER,2023,0,0.007332229504692619
103000,5325,ALLERGAN,2023,0,0.007324693059684329
209637,25,NOVO,2025,0,0.0073099854852016885
125118,250,BRISTOL MYERS SQUIBB,2023,0,0.007303616332060117
214096,3,EMD SERONO INC,2024,0,0.0072270166423218166
125427,121,GENENTECH,2025,0,0.007076259361281848
761210,9,JANSSEN BIOTECH,2025,0,0.007072884352171591
213217,11,BEONE MEDICINES USA,2024,0,0.007042208272109351
209819,31,INDIVIOR,2025,0,0.006915576637157978
202971,18,OTSUKA PHARM CO LTD,2025,0,0.006854189258744422
022348,24,CUMBERLAND PHARMS,2023,0,0.006850498481678705
761304,8,ARGENX BV,2025,0,0.006750775853887051
214662,5,MIRUM,2024,0,0.006629820579669137
761269,5,EISAI INC,2025,0,0.00658705080277064
761328,12,ASTRAZENECA AB,2025,0,0.006454142037371846
209115,14,PHARMAAND,2025,0,0.006442217871550119
021137,3,GENUS LIFESCIENCES,2021,0,0.006331830198804325
202714,36,ONYX PHARMS AMGEN,2025,0,0.00627450451944825
202806,19,NOVARTIS,2022,0,0.00624470303111467
205879,23,JANSSEN PHARMS,2024,0,0.006165092843292734
125319,107,NOVARTIS PHARMS,2023,0,0.0061218963573044655
217242,5,ARCUTIS,2025,0,0.006110652597975316
210134,4,AMPHASTAR PHARMS INC,2025,0,0.005940489575126501
214846,7,SUMITOMO PHARMA AM,2024,0,0.005790208839850443
204114,19,NOVARTIS,2022,0,0.005721022049510689
203214,39,PF PRISM CV,2025,0,0.005700513558324959
204410,29,ACTELION,2025,0,0.0056791081121231905
212320,19,SHIELD TX,2025,0,0.005625786821688049
021038,28,HOSPIRA,2022,0,0.005562912882679856
210867,6,MDGH,2025,0,0.0055323645388976935
761142,4,VIELA BIO,2025,0,0.00552885402322022
020896,47,CHEPLAPHARM,2022,0,0.005528069777980695
211616,12,ESPERION THERAPS INC,2024,0,0.00552500705134939
213217,7,BEONE MEDICINES USA,2023,0,0.005497069718786234
212887,1,VIIV HLTHCARE,2022,0,0.0054967025596295875
214998,10,BRISTOL,2025,0,0.005393660816173125
211675,3,ABBVIE,2022,0,0.005391276058554749
761112,18,ABLYNX NV,2025,0,0.005282439200007858
211616,13,ESPERION THERAPS INC,2024,0,0.005265715972235975
214938,2,BIOMARIN PHARM,2023,0,0.005160154331619216
208026,24,BOEHRINGER INGELHEIM,2023,0,0.005160036706574634
214846,2,SUMITOMO PHARMA AM,2022,0,0.005127680305641279
211810,8,DAIICHI SANKYO INC,2022,0,0.0051152632445208655
210238,10,AKARX INC,2025,0,0.005086456817051025
210861,4,BAYER HLTHCARE,2021,0,0.005067182660449509
761024,21,AMGEN INC,2025,0,0.005006621447359573
204447,26,TAKEDA PHARMS USA,2023,0,0.004996413511907001
103792,5354,GENENTECH,2024,0,0.004932452894092777
761180,6,LEO PHARMA AS,2024,0,0.004906023781412885
212862,8,MYLAN IRELAND LTD,2024,0,0.004878591451910382
208658,26,BOEHRINGER INGELHEIM,2023,0,0.0048758567007632665
217006,1,OTSUKA,2025,0,0.00485196372398781
205551,31,VIIV HLTHCARE,2023,0,0.004828729609399876
125514,95,MERCK SHARP DOHME,2022,0,0.0048200213236409785
202022,22,JANSSEN PRODS,2024,0,0.004805590770156877
020899,25,GE HEALTHCARE,2025,0,0.004730228274338317
761024,23,AMGEN INC,2025,0,0.004703449887908868
209500,16,INTRA-CELLULAR,2025,0,0.004690745302638962
211988,13,HERON THERAPS INC,2024,0,0.004674692937872206
204353,46,JANSSEN PHARMS,2024,0,0.0045986063565275044
761037,15,SANOFI SYNTHELABO,2024,0,0.0045725282268184
021343,48,TOLMAR,2023,0,0.004427297220388807
201281,35,BOEHRINGER INGELHEIM,2023,0,0.004334119523280278
125360,99,MERZ PHARMS,2024,0,0.004264022393094819
201280,27,BOEHRINGER INGELHEIM,2023,0,0.004220972655070832
204042,43,JANSSEN PHARMS,2024,0,0.004217661362427074
022225,14,MSD SUB MERCK,2024,0,0.004202870344075724
103000,5331,ALLERGAN,2024,0,0.004165566077107872
202022,20,JANSSEN PRODS,2024,0,0.004158388328002174
203469,35,TAKEDA PHARMS USA,2022,0,0.0040620799388039
021845,25,VIATRIS,2023,0,0.004058486211655502
215341,1,BAYER HLTHCARE,2022,0,0.0040556751583235105
211616,24,ESPERION THERAPS INC,2025,0,0.004011049423926934
211617,29,ESPERION THERAPS INC,2025,0,0.0039994052110163625
212099,8,BAYER HEALTHCARE,2025,0,0.003966707232231214
208081,28,BIOFRONTERA,2024,0,0.003939712580226224
209092,13,NOVARTIS,2022,0,0.003934814541239064
207223,3,BIOCODEX SA,2022,0,0.003932913280272096
202324,14,PF PRISM CV,2022,0,0.003923755988230358
211617,17,ESPERION THERAPS INC,2024,0,0.00388093259362928
212801,4,RECORDATI RARE,2025,0,0.003877438068651434
208692,17,EXELIXIS INC,2025,0,0.0038767033085425387
215395,7,INVAGEN PHARMS,2024,0,0.0038425192768621846
208647,10,SUN PHARM,2023,0,0.003828466027359663
022207,5,HIKMA,2021,0,0.003825772231278947
209817,10,PARATEK PHARMS,2021,0,0.003788852446635149
214410,6,GENENTECH INC,2024,0,0.003788782634083831
208700,31,AAA USA INC,2024,0,0.0037773289975077838
125320,219,AMGEN,2025,0,0.0037733514574759606
019414,34,BRACCO,2024,0,0.0037122187687010978
211150,5,HARMONY,2024,0,0.003685093674441306
209935,21,NOVARTIS,2022,0,0.0036819243163261142
207131,10,BAXTER HLTHCARE CORP,2024,0,0.003637490677257332
022306,8,ALTATHERA PHARMS LLC,2025,0,0.003625896793464822
207695,12,ANACOR PHARMS INC,2023,0,0.003510874013265678
200678,28,ASTRAZENECA AB,2024,0,0.003447447862563544
213189,5,ALMIRALL,2024,0,0.0034277918217069285
213051,20,NOVO,2024,0,0.0034114358394759705
208647,11,SUN PHARM,2023,0,0.0033699851170184763
213645,1,BAXTER HLTHCARE CORP,2023,0,0.0033677448142385154
208078,12,CATALYST PHARMS,2024,0,0.0033554564855526278
022350,26,ASTRAZENECA AB,2024,0,0.0033426890339581777
209531,16,BIOGEN IDEC,2025,0,0.0033033349140261393
212888,2,VIIV HLTHCARE,2022,0,0.0032849982422561586
206229,13,MEDICINES360,2023,0,0.0032349809604975046
211675,15,ABBVIE,2023,0,0.0032324630288303098
215272,2,ORGANON LLC,2024,0,0.003170857881696972
022580,21,VIVUS LLC,2022,0,0.003170680305764556
761089,31,TEVA PHARMS USA,2025,0,0.0031608430136541763
210496,14,ARRAY BIOPHARMA INC,2023,0,0.003160245349346563
212690,6,JAZZ,2021,0,0.003136490894976759
125388,108,SEATTLE GENETICS,2025,0,0.003133507426861441
208647,7,SUN PHARM,2023,0,0.003099678252688718
203565,20,AM REGENT,2023,0,0.003062559132071754
212801,3,RECORDATI RARE,2025,0,0.0030544480189996005
020896,46,CHEPLAPHARM,2022,0,0.0030299512159065326
200535,17,GENUS LIFESCIENCES,2021,0,0.003019720013262544
216109,3,HIKMA,2024,0,0.003005690063861183
202992,13,SANOFI AVENTIS US,2021,0,0.0029963558460477757
212608,6,BLUEPRINT MEDICINES,2021,0,0.0029931545328930075
208647,8,SUN PHARM,2023,0,0.002948455509730488
208647,9,SUN PHARM,2023,0,0.0028664703237016257
212516,2,SUN PHARM,2021,0,0.0028654014219319317
022137,15,CAPLIN ONE LABS,2024,0,0.0028526504505506423
215206,4,ABBVIE,2023,0,0.0028484945235626594
213137,6,GLOBAL BLOOD THERAPS,2021,0,0.0028273428687078275
212097,12,XERIS,2024,0,0.0027993407709209325
022496,44,PACIRA PHARMS INC,2023,0,0.00269183441408863
208944,4,SUPERNUS PHARMS,2021,0,0.0026300032073276027
211617,16,ESPERION THERAPS INC,2024,0,0.002587100199394297
209401,6,JAZZ PHARMS THERAP,2021,0,0.0025798839936925252
214028,2,ABBVIE,2023,0,0.0025401859052311235
020517,43,ABBVIE ENDOCRINE INC,2022,0,0.0025282394750745247
020438,8,CHEPLAPHARM,2023,0,0.002524737290183711
208716,11,ELI LILLY AND CO,2023,0,0.0024737092383238595
210498,9,ARRAY BIOPHARMA INC,2023,0,0.002424647246622676
208716,10,ELI LILLY AND CO,2023,0,0.002363139432168132
205422,7,OTSUKA,2021,0,0.0023519758026862058
213006,11,SUMITOMO PHARMA AM,2024,0,0.002348096870786636
203565,14,AM REGENT,2021,0,0.0023262546744926317
207793,16,IPSEN,2024,0,0.0023164454157286905
761061,28,JANSSEN BIOTECH,2025,0,0.0022571421644508394
215256,7,NOVO,2023,0,0.0022264220799029432
050723,51,ROCHE PALO,2022,0,0.002204389811370333
021137,4,GENUS LIFESCIENCES,2021,0,0.002199879479358884
209940,10,MERCK SHARP DOHME,2023,0,0.002199383082285248
209939,11,MERCK SHARP DOHME,2023,0,0.0021895718261826205
208798,8,TEVA PHARM,2021,0,0.0021675412282710026
022387,17,UNITED THERAP,2021,0,0.002156275759628861
022277,19,MERCK SHARP DOHME,2023,0,0.002101771608030131
209500,6,INTRA-CELLULAR,2021,0,0.00209585919548117
209022,19,PARATEK PHARMS,2024,0,0.002088580055747536
212728,9,PFIZER,2022,0,0.0020875288305009488
125289,157,CENTOCOR ORTHO BIOTECH INC,2025,0,0.002067129959334743
206426,7,BIOCRYST,2021,0,0.0020584657462230714
206947,21,EISAI INC,2021,0,0.0020538639306206885
204384,20,JANSSEN THERAP,2025,0,0.002050283755448661
021379,50,TOLMAR,2023,0,0.0020494621710336228
208742,7,OCULAR THERAPEUTIX,2021,0,0.0019794302114253554
204629,40,BOEHRINGER INGELHEIM,2023,0,0.0019669457967837786
022277,18,MERCK SHARP DOHME,2023,0,0.0019149649935640155
125514,110,MERCK SHARP DOHME,2022,0,0.00184944188951839
020263,53,ABBVIE ENDOCRINE INC,2023,0,0.0018027800800115533
214907,2,ON TARGET LABS,2022,0,0.0017947214003682936
205437,14,AMGEN INC,2025,0,0.0017580703933311272
021029,38,MERCK SHARP DOHME,2023,0,0.0017563669725692227
203794,13,COLLEGIUM PHARM INC,2024,0,0.0017245957988281679
021365,39,ABBVIE,2023,0,0.0016685889585296063
209949,7,HIKMA,2021,0,0.0016578797288288162
021323,55,ABBVIE,2023,0,0.0016512845780392118
213793,1,RHYTHM,2022,0,0.0016450645574949897
022277,17,MERCK SHARP DOHME,2023,0,0.0016379651415392934
021029,37,MERCK SHARP DOHME,2023,0,0.0016000314859345235
022255,32,UCB INC,2023,0,0.001571642600995224
208658,21,BOEHRINGER INGELHEIM,2023,0,0.001560858117090419
021488,45,TOLMAR,2023,0,0.0015537162279965848
011525,39,RENEW PHARMS,2024,0,0.001527053756331794
018735,75,BRACCO,2025,0,0.001513618348425471
022254,40,UCB INC,2023,0,0.0015076998853422263
022253,50,UCB INC,2023,0,0.0014987724536582897
202570,36,PF PRISM CV,2023,0,0.0014621324209903655
206111,33,BOEHRINGER INGELHEIM,2023,0,0.001460621295444667
021731,47,TOLMAR,2023,0,0.0014057533106642316
761036,41,JANSSEN BIOTECH,2022,0,0.0013864546692328914
021029,36,MERCK SHARP DOHME,2023,0,0.0013683684865361367
021225,42,BAYER HLTHCARE,2021,0,0.0013409213820226216
206829,12,CUBIST PHARMS LLC,2022,0,0.001227424561471244
761164,3,"RECORDATI RARE DISEASES, INC.",2023,0,0.0012103363296812875
021539,19,CUMBERLAND PHARMS,2024,0,0.0012079874887063998
020896,45,CHEPLAPHARM,2022,0,0.001163004768185818
211371,7,SAGE THERAP,2022,0,0.001161144014515852
017558,68,HIKMA,2025,0,0.0011537862150278577
125084,277,IMCLONE,2021,0,0.001147184661040815
211192,9,SERVIER,2022,0,0.0011446766049845918
209115,11,PHARMAAND,2022,0,0.0011016599866420257
200533,29,COLLEGIUM PHARM INC,2024,0,0.0011001562846127215
021425,36,BAYER HLTHCARE,2023,0,0.0010915204015808674
020220,54,BAYER HLTHCARE,2023,0,0.0010141246855855052
125293,104,HORIZON PHARMA,2022,0,0.0009914016478334215
125514,161,MERCK SHARP DOHME,2024,0,0.0009422169527904038
125514,155,MERCK SHARP DOHME,2024,0,0.0008901478329825525
211964,3,SUPERNUS PHARMS,2022,0,0.0008637340316782445
125521,23,ELI LILLY AND CO,2022,0,0.0007876115681966487
761136,9,CELGENE CORP,2023,0,0.0007846026823137164
213674,6,ASTELLAS,2022,0,0.0007046369531207005
022192,23,VANDA PHARMS INC,2024,0,0.0006436796913121103
761467,1,MERCK SHARP DOHME,2025,0,0.0005581146865753663
761069,33,ASTRAZENECA UK LTD,2022,0,0.0005577832321821553
208030,5,CHIESI,2021,0,0.0005402063699504786
125554,106,BRISTOL MYERS SQUIBB,2022,0,0.0005248907632855314
125514,152,MERCK SHARP DOHME,2023,0,0.0005080790115145973
050758,49,ROCHE PALO,2022,0,0.0005065906777505238
125554,105,BRISTOL MYERS SQUIBB,2022,0,0.0004980570998445815
125370,78,HUMAN GENOME SCIENCES INC.,2022,0,0.0004922971022947345
211988,5,HERON THERAPS INC,2021,0,0.0004921391986322351
761039,14,COHERUS BIOSCIENCES INC,2022,0,0.00047640811941706337
761154,2,MYLAN PHARMS INC,2022,0,0.00046539141731751236
213983,2,VIIV HLTHCARE,2021,0,0.0004481593133008941
125554,108,BRISTOL MYERS SQUIBB,2022,0,0.00044486527510750586
204790,28,VIIV HLTHCARE,2021,0,0.00042317074647734907
050723,49,ROCHE PALO,2022,0,0.0004203652566817031
125514,188,MERCK SHARP DOHME,2025,0,0.00041656806947142067
125514,182,MERCK SHARP DOHME,2025,0,0.00039392015706885843
206829,11,CUBIST PHARMS LLC,2022,0,0.0003872427875289941
212950,2,VIIV HLTHCARE,2022,0,0.0003856631997475266
761269,1,EISAI INC,2023,0,0.0003784983239362224
210192,11,VIIV HLTHCARE,2021,0,0.00035285978864589145
211962,9,HIKMA,2021,0,0.00034540927083709583
022225,7,MSD SUB MERCK,2021,0,0.000333878124447415
211810,9,DAIICHI SANKYO INC,2022,0,0.00031593619741173963
125554,132,BRISTOL MYERS SQUIBB,2025,0,0.000304920560854283
209803,4,MSD SUB MERCK,2021,0,0.00029007203837202035
212269,1,CHIESI,2021,0,0.00028379821044708764
216059,1,LOXO ONCOL,2023,0,0.0002811801587534248
125514,151,MERCK SHARP DOHME,2023,0,0.00027915460561299117
761037,13,SANOFI SYNTHELABO,2023,0,0.00027845740315384404
761235,3,GENENTECH INC,2023,0,0.0002700704352954306
218160,2,ELI LILLY AND CO,2024,0,0.000266243283126443
125261,161,CENTOCOR ORTHO BIOTECH INC,2022,0,0.00026225012674483485
761137,25,ASTELLAS,2023,0,0.00025185674437223194
212099,2,BAYER HEALTHCARE,2022,0,0.0002406303881634363
213591,4,NOVARTIS PHARM,2022,0,0.00023979055227852376
209805,8,MSD SUB MERCK,2021,0,0.0002346991006713164
011719,131,HOSPIRA,2021,0,0.00023237649381911967
022496,35,PACIRA PHARMS INC,2021,0,0.0002311323930400817
125554,119,BRISTOL MYERS SQUIBB,2023,0,0.00022314754245821288
125554,118,BRISTOL MYERS SQUIBB,2023,0,0.00022082397112503172
125554,117,BRISTOL MYERS SQUIBB,2023,0,0.00021848481275932923
215498,3,IPSEN,2023,0,0.0002183739188708755
125554,133,BRISTOL MYERS SQUIBB,2025,0,0.00021560599950637868
213246,13,ELI LILLY AND CO,2024,0,0.00021468375771616804
022225,8,MSD SUB MERCK,2021,0,0.00020955455518003094
022433,34,ASTRAZENECA,2022,0,0.00019927718011021655
207620,18,NOVARTIS PHARMS CORP,2021,0,0.00019823201261186683
209806,6,MSD SUB MERCK,2021,0,0.00019390026214348614
213411,4,SEAGEN,2023,0,0.00019368756702662038
208462,12,TAKEDA PHARMS USA,2022,0,0.00019219883247554727
761034,50,GENENTECH INC,2022,0,0.00019186477598429175
761115,35,IMMUNOMEDICS INC,2023,0,0.00018845367600263884
125514,136,MERCK SHARP DOHME,2023,0,0.0001882218892070641
050759,56,ROCHE PALO,2022,0,0.0001858490587165932
761121,8,GENENTECH,2023,0,0.00018048250348884565
125377,135,BRISTOL MYERS SQUIBB,2025,0,0.0001762584993376399
204275,22,GLAXO GRP LTD,2023,0,0.0001706253438115446
209191,3,HOSPIRA,2022,0,0.00017003704398071596
203565,16,AM REGENT,2021,0,0.00017001860228304863
020896,44,CHEPLAPHARM,2022,0,0.00016793590837018094
203794,10,COLLEGIUM PHARM INC,2023,0,0.0001668111737749162
218276,4,NOVARTIS,2025,0,0.00016652185204540956
205649,17,ASTRAZENECA AB,2022,0,0.00015169726089311948
205004,3,FRESENIUS KABI USA,2021,0,0.00014613121971212358
125377,129,BRISTOL MYERS SQUIBB,2023,0,0.0001444649781962827
020505,62,JANSSEN PHARMS,2022,0,0.00014010336032824967
207131,6,BAXTER HLTHCARE CORP,2021,0,0.0001380768115324839
761137,24,ASTELLAS,2023,0,0.00013219781223091447
125377,136,BRISTOL MYERS SQUIBB,2025,0,0.00012890680068778146
202515,25,HOSPIRA INC,2021,0,0.00012633625171271334
761181,1,REGENERON PHARMACEUTICALS,2023,0,0.00012261033225765162
201532,23,EISAI INC,2022,0,0.00012045068755548503
020844,53,JANSSEN PHARMS,2022,0,0.00012024922008650107
021673,27,GENZYME,2022,0,0.00011998878497918729
208558,26,ASTRAZENECA,2022,0,0.0001179509663708177
761174,6,GLAXOSMITHKLINE,2023,0,0.00011220177764486825
205552,36,PHARMACYCLICS LLC,2022,0,0.00011151617819699959
215358,9,NOVARTIS,2024,0,0.0001111499971509254
761046,12,MERCK SHARP DOHME,2023,0,0.00011106597378931188
210132,6,MAYNE PHARMA,2021,0,0.00010914943448157392
207103,15,PFIZER,2022,0,0.00010795157584793704
209394,19,ABBVIE,2025,0,0.00010710677568204673
208558,23,ASTRAZENECA,2022,0,0.00010617772327265455
761355,10,REGENERON PHARMACEUTICALS,2025,0,0.00010379043607359879
125499,21,BIOGEN IDEC INC,2021,0,0.0001031197018064599
203314,20,NOVO,2022,0,0.00010051983534795554
209905,1,AZURITY,2021,0,0.00010024646803986545
218944,3,SYNDAX,2025,0,0.0001002235640768885
761137,18,ASTELLAS,2023,0,9.843826262542998e-05
761248,4,ELI LILLY CO,2025,0,9.600035643365191e-05
209092,18,NOVARTIS,2024,0,9.341001315533513e-05
215358,8,NOVARTIS,2024,0,8.917015507593865e-05
217439,3,PFIZER,2025,0,8.669944163270312e-05
215110,5,ABBVIE,2025,0,8.024077328635988e-05
218230,1,GLAXOSMITHKLINE,2025,0,7.82712765824351e-05
202155,40,BRISTOL MYERS SQUIBB,2025,0,7.597346613021083e-05
218276,1,NOVARTIS,2024,0,7.485828137593775e-05
212888,3,VIIV HLTHCARE,2022,0,7.413117527380366e-05
210806,7,MSD MERCK CO,2022,0,7.381778550599902e-05
217806,13,ELI LILLY AND CO,2024,0,7.372181566540255e-05
761145,25,JANSSEN BIOTECH,2024,0,7.27381722063137e-05
211651,13,PFIZER,2025,0,7.217152273372109e-05
208065,33,ASTRAZENECA,2024,0,7.077650416312302e-05
211675,10,ABBVIE,2022,0,7.034568967491301e-05
125387,75,REGENERON PHARMACEUTICALS,2023,0,6.689701147823313e-05
021773,45,ASTRAZENECA AB,2021,0,6.453428059395083e-05
205649,16,ASTRAZENECA AB,2022,0,6.354590712516455e-05
208065,30,ASTRAZENECA,2024,0,6.281052481791386e-05
216387,5,ASTRAZENECA,2025,0,6.234522020734043e-05
050758,47,ROCHE PALO,2022,0,6.168953862239548e-05
021137,2,GENUS LIFESCIENCES,2021,0,6.084341394558379e-05
761061,24,JANSSEN BIOTECH,2025,0,6.049736279210544e-05
761139,28,DAIICHI SANKYO,2024,0,6.046520484561093e-05
761069,49,ASTRAZENECA UK LTD,2024,0,6.005108392412172e-05
761324,9,"GENMAB US, INC.",2025,0,5.999652239109512e-05
761210,5,JANSSEN BIOTECH,2024,0,5.962232874176809e-05
021825,8,CHIESI,2021,0,5.956112082454307e-05
761174,9,GLAXOSMITHKLINE,2024,0,5.863151206550342e-05
215256,24,NOVO,2025,0,5.733326777043776e-05
213756,5,ASTRAZENECA,2025,0,5.625546602243128e-05
205422,9,OTSUKA,2023,0,5.599188321472756e-05
207981,12,TAIHO ONCOLOGY,2023,0,5.5927581283031124e-05
202022,18,JANSSEN PRODS,2022,0,5.427110358886493e-05
210450,4,ABBVIE,2021,0,5.352410678086787e-05
210259,11,ASTRAZENECA,2025,0,5.3479247729156423e-05
761097,32,REGENERON PHARMACEUTICALS,2025,0,5.3292990168792645e-05
212608,7,BLUEPRINT MEDICINES,2021,0,5.267942076054319e-05
022304,24,COLLEGIUM PHARM INC,2023,0,5.256071081503619e-05
761061,21,JANSSEN BIOTECH,2024,0,5.206582422148291e-05
212018,8,JANSSEN BIOTECH,2024,0,5.199017080936457e-05
761304,5,ARGENX BV,2024,0,5.147622746664898e-05
211651,7,PFIZER,2021,0,5.134728871252149e-05
213217,5,BEONE MEDICINES USA,2021,0,5.0682641894245304e-05
214665,9,AMGEN INC,2025,0,5.0508121313090404e-05
761263,6,GENENTECH INC,2025,0,5.0435852635481445e-05
210563,12,PHARMACYCLICS LLC,2022,0,4.992760959619754e-05
761324,3,"GENMAB US, INC.",2024,0,4.9379725107235536e-05
212526,9,NOVARTIS,2024,0,4.908948924647388e-05
212608,13,BLUEPRINT MEDICINES,2023,0,4.8954349368311536e-05
761142,3,VIELA BIO,2025,0,4.857530089171943e-05
761163,13,MORPHOSYS US INC,2025,0,4.8266203567385023e-05
211192,8,SERVIER,2021,0,4.6611259852062615e-05
215256,11,NOVO,2024,0,4.567333509837538e-05
213246,12,ELI LILLY AND CO,2024,0,4.508870403439901e-05
210951,6,JANSSEN BIOTECH,2021,0,4.5070607533844684e-05
761210,3,JANSSEN BIOTECH,2024,0,4.472278455318745e-05
201292,17,BOEHRINGER INGELHEIM,2022,0,4.4117609685265874e-05
208692,10,EXELIXIS INC,2021,0,4.3508191704135894e-05
210807,8,MSD MERCK CO,2022,0,4.289726546635543e-05
761107,18,NOVIMMUNE S.A.,2025,0,4.232105303030426e-05
216403,3,TRAVERE,2024,0,4.102909630587845e-05
202611,17,APGDI,2021,0,3.9381137057499255e-05
202293,26,ASTRAZENECA AB,2023,0,3.8946591425399136e-05
214410,8,GENENTECH INC,2025,0,3.891161154317493e-05
202192,23,INCYTE CORP,2021,0,3.8616138032561886e-05
761139,38,DAIICHI SANKYO,2025,0,3.860880670687376e-05
214187,1,GILEAD SCIENCES INC,2022,0,3.845591162772162e-05
761139,32,DAIICHI SANKYO,2025,0,3.8338659164113325e-05
761115,13,IMMUNOMEDICS INC,2021,0,3.770871315777973e-05
761069,52,ASTRAZENECA UK LTD,2025,0,3.740828092409406e-05
761069,50,ASTRAZENECA UK LTD,2025,0,3.630455436807688e-05
022526,13,SPROUT PHARMS,2025,0,3.593929166391879e-05
210450,5,ABBVIE,2021,0,3.5925455740042776e-05
761197,7,GENENTECH INC,2025,0,3.572844777181465e-05
210496,17,ARRAY BIOPHARMA INC,2024,0,3.4219601413328046e-05
761115,58,IMMUNOMEDICS INC,2024,0,3.412379831441136e-05
211192,11,SERVIER,2023,0,3.4051233795824636e-05
211243,16,JANSSEN PHARMS,2025,0,3.365868880215472e-05
215413,2,VIIV HLTHCARE,2023,0,3.3639444005109366e-05
212018,9,JANSSEN BIOTECH,2024,0,3.2089245597986485e-05
215014,11,APELLIS PHARMS,2025,0,3.1779751141136265e-05
208471,4,SANOFI-AVENTIS US,2021,0,3.1603084949510244e-05
761344,1,AMGEN INC,2025,0,3.144899255703344e-05
125486,37,GENENTECH,2025,0,3.074734401662886e-05
202022,17,JANSSEN PRODS,2022,0,3.0611627883488504e-05
205649,23,ASTRAZENECA AB,2024,0,3.013584555084162e-05
021283,58,NOVARTIS,2021,0,3.012860018290461e-05
125160,305,UCB INC,2022,0,3.0081991228904447e-05
761197,6,GENENTECH INC,2025,0,2.92429025963179e-05
208051,9,PUMA BIOTECH,2021,0,2.9163163002803135e-05
204114,25,NOVARTIS,2023,0,2.897985415092319e-05
202806,25,NOVARTIS,2023,0,2.880721979413421e-05
125559,39,REGENERON PHARMACEUTICALS,2024,0,2.8516909005111003e-05
215383,6,MERCK SHARP DOHME,2023,0,2.8048224327874364e-05
210450,6,ABBVIE,2021,0,2.7589161468137082e-05
209884,7,NOVARTIS,2022,0,2.7013584332257863e-05
210251,8,GILEAD SCIENCES INC,2021,0,2.6777320673359087e-05
208558,25,ASTRAZENECA,2023,0,2.6601572283233116e-05
209940,11,MERCK SHARP DOHME,2023,0,2.6331559223441892e-05
218213,1,BRISTOL,2024,0,2.6233063526589782e-05
209939,12,MERCK SHARP DOHME,2023,0,2.6211639867534714e-05
761113,14,SANOFI AVENTIS US,2024,0,2.5428682097825675e-05
203469,37,TAKEDA PHARMS USA,2024,0,2.5334147149928315e-05
215341,9,BAYER HLTHCARE,2025,0,2.5302977690947325e-05
213793,7,RHYTHM,2024,0,2.5281111960637268e-05
209637,9,NOVO,2022,0,2.468767172246288e-05
209449,18,CYCLE,2025,0,2.4181492041069392e-05
761059,4,SAMSUNG BIOEPIS CO LTD,2022,0,2.33403690657137e-05
213702,11,JAZZ,2025,0,2.3213627609432465e-05
761042,18,SANDOZ,2022,0,2.314864002103568e-05
125559,47,REGENERON PHARMACEUTICALS,2025,0,2.2899196230933425e-05
211651,10,PFIZER,2023,0,2.2834179975301178e-05
022134,8,ABBVIE,2021,0,2.2202896012343424e-05
204114,29,NOVARTIS,2023,0,2.2143973104324812e-05
202806,27,NOVARTIS,2023,0,2.20143853233723e-05
204629,42,BOEHRINGER INGELHEIM,2023,0,2.1936786829522277e-05
206111,38,BOEHRINGER INGELHEIM,2023,0,2.105652287806542e-05
761334,4,INCYTE CORP,2025,0,2.08455530444334e-05
202293,31,ASTRAZENECA AB,2024,0,2.033724958314001e-05
215309,1,INCYTE CORP,2022,0,2.0275022292102895e-05
125084,280,IMCLONE,2021,0,2.015375391298983e-05
213674,10,ASTELLAS,2023,0,1.993721804122725e-05
208434,15,HOFFMANN-LA ROCHE,2024,0,1.9052001753655784e-05
761061,29,JANSSEN BIOTECH,2025,0,1.8702945760621583e-05
205649,22,ASTRAZENECA AB,2024,0,1.8669670163188558e-05
208558,19,ASTRAZENECA,2021,0,1.8659805307109516e-05
050759,54,ROCHE PALO,2022,0,1.8615900679554617e-05
202714,33,ONYX PHARMS AMGEN,2021,0,1.831866996198276e-05
207925,16,VERTEX PHARMS INC,2023,0,1.8146178882972713e-05
216340,5,BRISTOL,2024,0,1.7746628517906807e-05
022334,50,NOVARTIS,2021,0,1.688050299802132e-05
207501,13,ASTELLAS,2023,0,1.670302240621764e-05
761061,26,JANSSEN BIOTECH,2025,0,1.667829063258658e-05
207500,15,ASTELLAS,2023,0,1.667804090381931e-05
202811,21,ABBVIE,2023,0,1.6341652985182505e-05
203415,22,ASTELLAS,2023,0,1.632096407219216e-05
761077,15,AMGEN INC,2022,0,1.584423698581339e-05
212887,6,VIIV HLTHCARE,2022,0,1.540919860225175e-05
761224,6,ASTRAZENECA AB,2025,0,1.4882866139159788e-05
761181,2,REGENERON PHARMACEUTICALS,2025,0,1.451897667531705e-05
761355,5,REGENERON PHARMACEUTICALS,2025,1,1.4162180548007147e-05
212526,7,NOVARTIS,2022,0,1.4150896185593942e-05
203341,25,PF PRISM CV,2023,0,1.3409001681400494e-05
103909,5197,GENENTECH,2025,0,1.2188947308478508e-05
208078,8,CATALYST PHARMS,2022,0,1.1977766024667144e-05
761070,90001,ASTRAZENECA AB,2022,1,1.1787855170476758e-05
207561,29,GILEAD SCIENCES INC,2022,0,1.1593109272049143e-05
205551,25,VIIV HLTHCARE,2021,0,1.0695638278525255e-05
103000,5320,ALLERGAN,2021,0,1.045676676623845e-05
208573,24,ABBVIE,2021,0,1.0322023402643263e-05
761040,3,WYETH PHARMS INC,2024,0,1.031271667288471e-05
050794,34,BRISTOL-MYERS,2022,0,1.0050037143984137e-05
761071,12,SANDOZ INC,2022,0,9.977208927518677e-06
125554,112,BRISTOL MYERS SQUIBB,2022,0,9.864368491349658e-06
022304,28,COLLEGIUM PHARM INC,2024,0,9.69106620957858e-06
761069,36,ASTRAZENECA UK LTD,2022,0,9.633241196811561e-06
761069,35,ASTRAZENECA UK LTD,2022,0,9.028079246863702e-06
212887,5,VIIV HLTHCARE,2022,0,8.502709056850212e-06
125166,448,ALEXION PHARM,2025,0,6.238129092467116e-06
213535,3,GENENTECH INC,2022,0,5.978872801739515e-06
125388,106,SEATTLE GENETICS,2022,0,5.934534845411791e-06
212888,6,VIIV HLTHCARE,2022,0,5.8169968103739104e-06
761179,1,JAZZ PHARMS,2022,0,5.798653515574131e-06
213736,2,INCYTE CORP,2022,0,5.328329484361107e-06
211994,10,VIIV HLTHCARE,2021,0,5.161143180948704e-06
208692,12,EXELIXIS INC,2021,0,5.014123715172525e-06
761139,17,DAIICHI SANKYO,2022,0,4.907102807722542e-06
206947,20,EISAI INC,2021,0,4.872413551645156e-06
761139,21,DAIICHI SANKYO,2022,0,4.774363373047677e-06
212273,4,VERTEX PHARMS INC,2021,0,4.659581770246578e-06
208510,3,TAKEDA PHARMS USA,2021,0,4.484019425386135e-06
761035,15,BRISTOL MYERS SQUIBB,2022,0,4.196879484021882e-06
761139,22,DAIICHI SANKYO,2022,0,3.788433605848567e-06
761097,14,REGENERON PHARMACEUTICALS,2022,0,3.184968047010059e-06
761109,3,ELI LILLY AND CO,2021,0,3.179647916839077e-06
021977,46,TAKEDA PHARMS USA,2021,0,3.115353271963036e-06
202570,33,PF PRISM CV,2022,0,3.096790523637049e-06
213246,7,ELI LILLY AND CO,2022,0,2.9981424601113527e-06
208464,14,GILEAD SCIENCES INC,2022,0,2.840673486948362e-06
761139,20,DAIICHI SANKYO,2022,0,2.8150551289420906e-06
212888,5,VIIV HLTHCARE,2022,0,2.698038254361597e-06
204447,21,TAKEDA PHARMS USA,2021,0,2.670539641657414e-06
202806,22,NOVARTIS,2022,0,2.636204273089101e-06
125377,122,BRISTOL MYERS SQUIBB,2022,0,2.6027281747382756e-06
204114,24,NOVARTIS,2022,0,2.442046463830534e-06
761139,24,DAIICHI SANKYO,2022,0,2.3758325617947393e-06
125084,279,IMCLONE,2021,0,2.361216209292591e-06
021652,29,VIIV HLTHCARE,2021,0,1.8340915605830607e-06
212888,1,VIIV HLTHCARE,2022,0,1.7946269110147196e-06
761140,1,AMGEN INC,2022,0,1.7877173007347085e-06
761113,3,SANOFI AVENTIS US,2021,0,1.7617584184797024e-06
125377,124,BRISTOL MYERS SQUIBB,2022,0,1.706644693767953e-06
761115,5,IMMUNOMEDICS INC,2021,0,1.6417314796573395e-06
207648,5,FRESENIUS KABI USA,2022,0,1.5871924065762856e-06
207924,7,ELI LILLY AND CO,2022,0,1.5639474586243808e-06
761055,44,REGENERON PHARMACEUTICALS,2022,0,1.4711727883013468e-06
761034,47,GENENTECH INC,2022,0,1.4661282644427294e-06
761071,10,SANDOZ INC,2022,0,1.4392704416337362e-06
207946,10,JANSSEN PHARMS,2021,0,1.4311790725058759e-06
204370,9,ABBVIE,2022,0,1.4063233893173396e-06
212728,6,PFIZER,2021,0,1.3409075574438907e-06
209899,1,BRISTOL,2021,0,1.2658919382746127e-06
206947,19,EISAI INC,2021,0,1.2325195471377105e-06
208261,7,MSD SUB MERCK,2021,0,1.231108579285042e-06
761055,42,REGENERON PHARMACEUTICALS,2022,0,1.1880909966680513e-06
204629,26,BOEHRINGER INGELHEIM,2021,0,1.1757415344070956e-06
206192,4,GENENTECH INC,2022,0,1.1599184922156881e-06
208716,6,ELI LILLY AND CO,2021,0,1.1011320997956649e-06
761024,10,AMGEN INC,2022,0,1.0996268652793375e-06
761108,23,ALEXION PHARM,2022,0,1.0800970194968932e-06
761139,11,DAIICHI SANKYO,2021,0,1.0280595266714156e-06
103979,5309,GENZYME,2021,0,1.0023891181248015e-06
203214,28,PF PRISM CV,2021,0,9.542142209387063e-07
761055,40,REGENERON PHARMACEUTICALS,2022,0,9.192849771078395e-07
022562,8,RECORDATI RARE,2021,0,8.850870936237103e-07
761103,5,PFIZER INC,2021,0,8.828642816627297e-07
761210,2,JANSSEN BIOTECH,2022,0,7.268770315164868e-07
205837,7,UCB INC,2021,0,7.055412519291656e-07
125433,32,JANSSEN BIOTECH,2021,0,6.822434686065888e-07
208716,7,ELI LILLY AND CO,2021,0,6.773089032831968e-07
202439,35,JANSSEN PHARMS,2021,0,6.760998008583811e-07
761055,16,REGENERON PHARMACEUTICALS,2021,0,6.628185155286651e-07
215515,6,ALNYLAM PHARMS INC,2025,0,6.570042906729279e-07
205437,11,AMGEN INC,2021,0,6.069845760375322e-07
205836,9,UCB INC,2021,0,5.839914157342098e-07
761105,10,ABBVIE INC,2021,0,5.531330004847543e-07
208716,8,ELI LILLY AND CO,2021,0,5.134236518946402e-07
125249,49,"KINIKSA PHARMACEUTICALS (UK), LTD.",2021,0,5.020341565494814e-07
125486,29,GENENTECH,2022,0,4.961880075520843e-07
761105,18,ABBVIE INC,2022,0,4.936840219709994e-07
208341,17,GILEAD SCIENCES INC,2021,0,4.794227308004704e-07
212725,9,GENENTECH INC,2023,0,4.717073676073146e-07
212436,3,PFIZER,2022,0,4.690960834768905e-07
208246,13,PFIZER,2021,0,4.6899293029641633e-07
205838,6,UCB INC,2021,0,4.5772759560929385e-07
022068,36,NOVARTIS,2021,0,4.00082179241848e-07
125561,13,ALEXION PHARM,2021,0,3.9813832811385453e-07
204629,33,BOEHRINGER INGELHEIM,2022,0,3.745231156363698e-07
215358,1,NOVARTIS,2022,0,3.740220726454192e-07
761347,4,GENENTECH INC,2025,0,3.6859795617781646e-07
207924,6,ELI LILLY AND CO,2022,0,3.670446921656818e-07
206494,11,ABBVIE,2022,0,3.355444495216331e-07
022562,9,RECORDATI RARE,2021,0,3.331198675080641e-07
761034,58,GENENTECH INC,2025,0,3.3197767360528367e-07
208215,20,GILEAD SCIENCES INC,2022,0,3.092715617221706e-07
761347,3,GENENTECH INC,2025,0,3.0463664569608655e-07
210251,7,GILEAD SCIENCES INC,2021,0,2.839845499631986e-07
213246,8,ELI LILLY AND CO,2022,0,2.603842787434962e-07
022253,49,UCB INC,2021,0,2.6015863163837483e-07
211675,2,ABBVIE,2021,0,2.5400273120099703e-07
211675,7,ABBVIE,2022,0,2.4031701381365767e-07
022254,39,UCB INC,2021,0,2.3450921117471497e-07
021883,10,ABBVIE,2021,0,2.1970259277212834e-07
022255,31,UCB INC,2021,0,2.168881467293059e-07
202022,14,JANSSEN PRODS,2021,0,1.8113895886881816e-07
103000,5318,ALLERGAN,2021,0,1.7936170127871253e-07
209092,8,NOVARTIS,2021,0,1.5210657239311734e-07
761097,30,REGENERON PHARMACEUTICALS,2025,0,1.5048056865880423e-07
210115,5,ASTELLAS,2021,0,1.5036142806740346e-07
125557,28,AMGEN,2024,0,1.4673387018482788e-07
209935,14,NOVARTIS,2021,0,1.4331970517896663e-07
103976,5245,GENENTECH,2024,0,1.4178858167628782e-07
205437,13,AMGEN INC,2024,0,1.1983364380845643e-07
203341,20,PF PRISM CV,2021,0,9.82277402419488e-08
205053,12,MERCK SHARP DOHME,2021,0,9.537276452366966e-08
205596,12,MERCK SHARP DOHME,2021,0,9.245196229047173e-08
761105,14,ABBVIE INC,2022,0,9.239452525099001e-08
216793,1,JANSSEN BIOTECH,2025,0,8.985042246983656e-08
761115,9,IMMUNOMEDICS INC,2021,0,8.959680977212468e-08
205551,28,VIIV HLTHCARE,2022,0,8.802076693485068e-08
761109,4,ELI LILLY AND CO,2022,0,8.188735417445304e-08
050708,53,ASTELLAS,2021,0,7.758434019413493e-08
761137,32,ASTELLAS,2025,0,7.594365381402233e-08
205053,11,MERCK SHARP DOHME,2021,0,7.444793512931466e-08
205596,13,MERCK SHARP DOHME,2021,0,7.228684353693868e-08
210868,4,PFIZER,2021,0,7.20272747212955e-08
214787,11,GILEAD SCIENCES INC,2022,0,6.889142029331498e-08
125377,121,BRISTOL MYERS SQUIBB,2021,0,6.6576001341912e-08
212887,4,VIIV HLTHCARE,2021,0,6.545307478869635e-08
214900,2,GLAXOSMITHKLINE,2022,0,6.114031405308511e-08
050709,45,ASTELLAS,2021,0,5.930224112730634e-08
211675,4,ABBVIE,2022,0,5.710439514411287e-08
125557,18,AMGEN,2021,0,5.10913918760913e-08
211358,4,VERTEX PHARMS INC,2022,0,5.070695653511579e-08
125276,134,GENENTECH,2022,0,4.189106289510965e-08
202570,30,PF PRISM CV,2021,0,4.067743548497338e-08
206192,5,GENENTECH INC,2022,0,3.8004793192620975e-08
125554,99,BRISTOL MYERS SQUIBB,2021,0,3.6069045062479885e-08
125514,91,MERCK SHARP DOHME,2021,0,3.511768171284883e-08
125557,20,AMGEN,2021,0,3.5104563587359094e-08
125514,93,MERCK SHARP DOHME,2021,0,3.3330069415160825e-08
125469,51,ELI LILLY AND CO,2022,0,3.186239224165374e-08
125147,213,AMGEN,2025,0,2.8805044413951516e-08
022512,41,BOEHRINGER INGELHEIM,2021,0,2.65864872867001e-08
215256,5,NOVO,2022,0,2.3830941263071514e-08
761099,4,PFIZER INC,2021,0,2.376664292690348e-08
761145,1,JANSSEN BIOTECH,2021,0,1.9931491828460614e-08
761122,6,GLAXOSMITHKLINE,2021,0,1.974000550996345e-08
125522,29,AMGEN INC,2021,0,1.922236670385776e-08
125526,18,GLAXOSMITHKLINE LLC,2021,0,1.696008757268317e-08
022030,19,PFIZER,2021,0,1.6647310465923816e-08
761125,8,NOVARTIS PHARMS CORP,2022,0,1.5753372408800022e-08
125514,120,MERCK SHARP DOHME,2021,0,1.5689292162050832e-08
761058,8,BOEHRINGER INGELHEIM,2021,0,1.508035174452542e-08
212102,3,UCB INC,2022,0,1.3433785975396761e-08
125504,43,NOVARTIS PHARMS CORP,2021,0,1.3224223455420623e-08
202293,24,ASTRAZENECA AB,2021,0,1.2807779591414623e-08
761028,8,AMGEN INC,2021,0,1.2723588611855028e-08
022200,31,ASTRAZENECA AB,2021,0,1.0769960619510005e-08
213535,5,GENENTECH INC,2022,0,9.533628069011917e-09
209210,17,ASTRAZENECA AB,2021,0,9.097303773047289e-09
125559,29,REGENERON PHARMACEUTICALS,2021,0,8.827937090992274e-09
761108,12,ALEXION PHARM,2021,0,8.068428073334153e-09
761145,7,JANSSEN BIOTECH,2021,0,7.64062064248012e-09
214787,10,GILEAD SCIENCES INC,2022,0,5.322990713077882e-09
761145,9,JANSSEN BIOTECH,2021,0,5.175639156166887e-09
761137,8,ASTELLAS,2021,0,5.1499543010638735e-09
761055,31,REGENERON PHARMACEUTICALS,2021,0,5.038172561650949e-09
761105,9,ABBVIE INC,2021,0,4.877063392872145e-09
761137,6,ASTELLAS,2021,0,4.3663841611252e-09
022068,35,NOVARTIS,2021,0,4.189478374895072e-09
761118,6,PFIZER INC,2022,0,4.162791981263918e-09
210251,14,GILEAD SCIENCES INC,2021,0,3.8011489413183084e-09
761105,16,ABBVIE INC,2022,0,3.421112989253835e-09
761069,29,ASTRAZENECA UK LTD,2021,0,3.2657235696902297e-09
209394,13,ABBVIE,2021,0,2.7346498416164126e-09
125057,417,ABBVIE INC,2021,0,1.875180401286903e-09
125276,138,GENENTECH,2022,0,1.4342628046020229e-09
103976,5238,GENENTECH,2021,0,7.156490557712705e-10
761097,8,REGENERON PHARMACEUTICALS,2021,0,5.602563193992563e-10
125268,167,AMGEN,2021,0,4.398528163786809e-10
761097,9,REGENERON PHARMACEUTICALS,2021,0,3.8494847285224656e-10
761034,44,GENENTECH INC,2021,0,3.0302034996811075e-10
761145,2,JANSSEN BIOTECH,2021,0,3.018626753731235e-10
761097,7,REGENERON PHARMACEUTICALS,2021,0,2.832683164960444e-10
125504,50,NOVARTIS PHARMS CORP,2021,0,2.361767785765903e-10
125514,100,MERCK SHARP DOHME,2021,0,2.308487337778885e-10
125514,114,MERCK SHARP DOHME,2021,0,2.1116543295850916e-10
125514,89,MERCK SHARP DOHME,2021,0,2.024017998454462e-10
125504,51,NOVARTIS PHARMS CORP,2021,0,1.851078223219241e-10
125118,240,BRISTOL MYERS SQUIBB,2021,0,3.1521107209855434e-11
761034,33,GENENTECH INC,2021,0,2.0646223189916444e-11
761034,34,GENENTECH INC,2021,0,1.878130295104765e-11
125472,44,GENENTECH,2021,0,1.830718957985268e-11
761034,35,GENENTECH INC,2021,0,1.714555080775252e-11
761034,36,GENENTECH INC,2021,0,1.5703811584338038e-11
761034,37,GENENTECH INC,2021,0,1.442735721799106e-11
125554,90,BRISTOL MYERS SQUIBB,2021,0,1.3926495054143073e-11
761034,38,GENENTECH INC,2021,0,1.3292527182547047e-11
103705,5465,GENENTECH,2021,0,9.552712663794107e-12
125514,117,MERCK SHARP DOHME,2021,0,9.527349605239493e-12
125554,91,BRISTOL MYERS SQUIBB,2021,0,9.438787925313709e-12
125554,92,BRISTOL MYERS SQUIBB,2021,0,8.893893466346953e-12
125514,122,MERCK SHARP DOHME,2021,0,8.448215905677703e-12
761034,41,GENENTECH INC,2021,0,7.888549103930579e-12
125554,97,BRISTOL MYERS SQUIBB,2021,0,7.614171201622444e-12
125514,96,MERCK SHARP DOHME,2021,0,7.064766034958641e-12
761034,42,GENENTECH INC,2021,0,6.7142593431241485e-12
125514,97,MERCK SHARP DOHME,2021,0,6.702045098506922e-12
125514,105,MERCK SHARP DOHME,2021,0,5.2535908755379684e-12
125514,102,MERCK SHARP DOHME,2021,0,4.620115766748467e-12
125514,121,MERCK SHARP DOHME,2021,0,4.081931854373609e-12
125514,113,MERCK SHARP DOHME,2021,0,3.774451443599788e-12
125514,118,MERCK SHARP DOHME,2021,0,3.689996059901738e-12
125514,112,MERCK SHARP DOHME,2021,0,3.633646894407044e-12
